,"constant: mph=0.1, iph=0.1",clean_set
0,0.3565217391304348,0.388
1,0.46464646464646464,0.406
2,0.518,0.528
3,0.561122244488978,0.572
4,0.642,0.65
5,0.714,0.7469879518072289
6,0.766,0.814
7,0.812,0.8697394789579158
8,0.85,0.8837675350701403
9,0.9178356713426854,0.902
